country_id,country_name_clean,collective_names,country_name,official_state_name,sovereignty,iso_3166_1_a_2,iso_3166_1_a_3,iso_3166_1_nc,iso_3166_2,tld
4,Afghanistan,Afghanistan,Afghanistan,The Islamic Republic of Afghanistan,UN member state,AF,AFG,004,ISO 3166-2:AF,.af
8,Albania,Albania,Albania,The Republic of Albania,UN member state,AL,ALB,008,ISO 3166-2:AL,.al
10,Antarctica,Antarctica,Antarctica,Antarctica (all land and ice shelves south of the 60th parallel south),Antarctic Treaty,AQ,ATA,010,ISO 3166-2:AQ,.aq
12,Algeria,Algeria,Algeria,The People's Democratic Republic of Algeria,UN member state,DZ,DZA,012,ISO 3166-2:DZ,.dz
16,American Samoa,American Samoa,American Samoa,The Territory of American Samoa,United States,AS,ASM,016,ISO 3166-2:AS,.as
20,Andorra,Andorra,Andorra,The Principality of Andorra,UN member state,AD,AND,020,ISO 3166-2:AD,.ad
24,Angola,Angola,Angola,The Republic of Angola,UN member state,AO,AGO,024,ISO 3166-2:AO,.ao
28,Antigua and Barbuda,Antigua and Barbuda,Antigua and Barbuda,Antigua and Barbuda,UN member state,AG,ATG,028,ISO 3166-2:AG,.ag
31,Azerbaijan,Azerbaijan,Azerbaijan,The Republic of Azerbaijan,UN member state,AZ,AZE,031,ISO 3166-2:AZ,.az
32,Argentina,Argentina,Argentina,The Argentine Republic,UN member state,AR,ARG,032,ISO 3166-2:AR,.ar
36,Australia,Australia,Australia,The Commonwealth of Australia,UN member state,AU,AUS,036,ISO 3166-2:AU,.au
40,Austria,Austria,Austria,The Republic of Austria,UN member state,AT,AUT,040,ISO 3166-2:AT,.at
44,Bahamas,Bahamas,Bahamas (the),The Commonwealth of The Bahamas,UN member state,BS,BHS,044,ISO 3166-2:BS,.bs
48,Bahrain,Bahrain,Bahrain,The Kingdom of Bahrain,UN member state,BH,BHR,048,ISO 3166-2:BH,.bh
50,Bangladesh,Bangladesh,Bangladesh,The People's Republic of Bangladesh,UN member state,BD,BGD,050,ISO 3166-2:BD,.bd
51,Armenia,Armenia,Armenia,The Republic of Armenia,UN member state,AM,ARM,051,ISO 3166-2:AM,.am
52,Barbados,Barbados,Barbados,Barbados,UN member state,BB,BRB,052,ISO 3166-2:BB,.bb
56,Belgium,Belgium,Belgium,The Kingdom of Belgium,UN member state,BE,BEL,056,ISO 3166-2:BE,.be
60,Bermuda,Bermuda,Bermuda,Bermuda,United Kingdom,BM,BMU,060,ISO 3166-2:BM,.bm
64,Bhutan,Bhutan,Bhutan,The Kingdom of Bhutan,UN member state,BT,BTN,064,ISO 3166-2:BT,.bt
68,Bolivia,Bolivia,Bolivia (Plurinational State of),The Plurinational State of Bolivia,UN member state,BO,BOL,068,ISO 3166-2:BO,.bo
70,Bosnia and Herzegovina,Bosnia and Herzegovina,Bosnia and Herzegovina,Bosnia and Herzegovina,UN member state,BA,BIH,070,ISO 3166-2:BA,.ba
72,Botswana,Botswana,Botswana,The Republic of Botswana,UN member state,BW,BWA,072,ISO 3166-2:BW,.bw
74,Bouvet Island,Bouvet Island,Bouvet Island,Bouvet Island,Norway,BV,BVT,074,ISO 3166-2:BV,n/a
76,Brazil,Brazil,Brazil,The Federative Republic of Brazil,UN member state,BR,BRA,076,ISO 3166-2:BR,.br
84,Belize,Belize,Belize,Belize,UN member state,BZ,BLZ,084,ISO 3166-2:BZ,.bz
86,British Indian Ocean Territory,British Indian Ocean Territory,British Indian Ocean Territory (the),The British Indian Ocean Territory,United Kingdom,IO,IOT,086,ISO 3166-2:IO,.io
90,Solomon Islands,Solomon Islands,Solomon Islands,The Solomon Islands,UN member state,SB,SLB,090,ISO 3166-2:SB,.sb
92,British Virgin Islands,British Virgin Island / British Virgin Islands,British Virgin Islands,The Virgin Islands,United Kingdom,VG,VGB,092,ISO 3166-2:VG,.vg
92,British Virgin Island,British Virgin Island / British Virgin Islands,Virgin Islands (British),The Virgin Islands,United Kingdom,VG,VGB,092,ISO 3166-2:VG,.vg
96,Brunei Darussalam,Brunei Darussalam,Brunei Darussalam,"The Nation of Brunei, the Abode of Peace",UN member state,BN,BRN,096,ISO 3166-2:BN,.bn
100,Bulgaria,Bulgaria,Bulgaria,The Republic of Bulgaria,UN member state,BG,BGR,100,ISO 3166-2:BG,.bg
104,Burma,Burma / Myanmar,Burma,The Republic of the Union of Myanmar,UN member state,MM,MMR,104,ISO 3166-2:MM,.mm
104,Myanmar,Burma / Myanmar,Myanmar,The Republic of the Union of Myanmar,UN member state,MM,MMR,104,ISO 3166-2:MM,.mm
108,Burundi,Burundi,Burundi,The Republic of Burundi,UN member state,BI,BDI,108,ISO 3166-2:BI,.bi
112,Belarus,Belarus,Belarus,The Republic of Belarus,UN member state,BY,BLR,112,ISO 3166-2:BY,.by
116,Cambodia,Cambodia,Cambodia,The Kingdom of Cambodia,UN member state,KH,KHM,116,ISO 3166-2:KH,.kh
120,Cameroon,Cameroon,Cameroon,The Republic of Cameroon,UN member state,CM,CMR,120,ISO 3166-2:CM,.cm
124,Canada,Canada,Canada,Canada,UN member state,CA,CAN,124,ISO 3166-2:CA,.ca
132,Cabo Verde,Cabo Verde / Cape Verde,Cabo Verde,The Republic of Cabo Verde,UN member state,CV,CPV,132,ISO 3166-2:CV,.cv
132,Cape Verde,Cabo Verde / Cape Verde,Cape Verde,The Republic of Cabo Verde,UN member state,CV,CPV,132,ISO 3166-2:CV,.cv
136,Cayman Islands,Cayman Islands,Cayman Islands (the),The Cayman Islands,United Kingdom,KY,CYM,136,ISO 3166-2:KY,.ky
140,Central African Republic,Central African Republic,Central African Republic (the),The Central African Republic,UN member state,CF,CAF,140,ISO 3166-2:CF,.cf
144,Sri Lanka,Sri Lanka,Sri Lanka,The Democratic Socialist Republic of Sri Lanka,UN member state,LK,LKA,144,ISO 3166-2:LK,.lk
148,Chad,Chad,Chad,The Republic of Chad,UN member state,TD,TCD,148,ISO 3166-2:TD,.td
152,Chile,Chile,Chile,The Republic of Chile,UN member state,CL,CHL,152,ISO 3166-2:CL,.cl
156,China,China / People's Republic of China,China,The People's Republic of China,UN member state,CN,CHN,156,ISO 3166-2:CN,.cn
156,People's Republic of China,China / People's Republic of China,People's Republic of China,The People's Republic of China,UN member state,CN,CHN,156,ISO 3166-2:CN,.cn
158,Republic of China,Republic of China / Republic of China / Taiwan,"China, The Republic of",The Republic of China,Disputed,TW,TWN,158,ISO 3166-2:TW,.tw
158,Republic of China,Republic of China / Republic of China / Taiwan,Republic of China,The Republic of China,Disputed,TW,TWN,158,ISO 3166-2:TW,.tw
158,Taiwan,Republic of China / Republic of China / Taiwan,Taiwan (Province of China),The Republic of China,Disputed,TW,TWN,158,ISO 3166-2:TW,.tw
162,Christmas Island,Christmas Island,Christmas Island,The Territory of Christmas Island,Australia,CX,CXR,162,ISO 3166-2:CX,.cx
166,Cocos Island,Cocos Island,Cocos (Keeling) Islands (the),The Territory of Cocos (Keeling) Islands,Australia,CC,CCK,166,ISO 3166-2:CC,.cc
170,Colombia,Colombia,Colombia,The Republic of Colombia,UN member state,CO,COL,170,ISO 3166-2:CO,.co
174,Comoros,Comoros,Comoros (the),The Union of the Comoros,UN member state,KM,COM,174,ISO 3166-2:KM,.km
175,Mayotte,Mayotte,Mayotte,The Department of Mayotte,France,YT,MYT,175,ISO 3166-2:YT,.yt
178,Congo,Congo / Republic of the Congo,Congo (the),The Republic of the Congo,UN member state,CG,COG,178,ISO 3166-2:CG,.cg
178,Republic of the Congo,Congo / Republic of the Congo,Republic of the Congo,The Republic of the Congo,UN member state,CG,COG,178,ISO 3166-2:CG,.cg
180,Democratic Republic of the Congo,Democratic Republic of the Congo / Democratic Republic of the Congo,Congo (the Democratic Republic of the),The Democratic Republic of the Congo,UN member state,CD,COD,180,ISO 3166-2:CD,.cd
180,Democratic Republic of the Congo,Democratic Republic of the Congo / Democratic Republic of the Congo,Democratic Republic of the Congo,The Democratic Republic of the Congo,UN member state,CD,COD,180,ISO 3166-2:CD,.cd
184,Cook Islands,Cook Islands,Cook Islands (the),The Cook Islands,New Zealand,CK,COK,184,ISO 3166-2:CK,.ck
188,Costa Rica,Costa Rica,Costa Rica,The Republic of Costa Rica,UN member state,CR,CRI,188,ISO 3166-2:CR,.cr
191,Croatia,Croatia,Croatia,The Republic of Croatia,UN member state,HR,HRV,191,ISO 3166-2:HR,.hr
192,Cuba,Cuba,Cuba,The Republic of Cuba,UN member state,CU,CUB,192,ISO 3166-2:CU,.cu
196,Cyprus,Cyprus,Cyprus,The Republic of Cyprus,UN member state,CY,CYP,196,ISO 3166-2:CY,.cy
203,Czechia,Czechia,Czechia,The Czech Republic,UN member state,CZ,CZE,203,ISO 3166-2:CZ,.cz
204,Benin,Benin,Benin,The Republic of Benin,UN member state,BJ,BEN,204,ISO 3166-2:BJ,.bj
208,Denmark,Denmark,Denmark,The Kingdom of Denmark,UN member state,DK,DNK,208,ISO 3166-2:DK,.dk
212,Dominica,Dominica,Dominica,The Commonwealth of Dominica,UN member state,DM,DMA,212,ISO 3166-2:DM,.dm
214,Dominican Republic,Dominican Republic,Dominican Republic (the),The Dominican Republic,UN member state,DO,DOM,214,ISO 3166-2:DO,.do
218,Ecuador,Ecuador,Ecuador,The Republic of Ecuador,UN member state,EC,ECU,218,ISO 3166-2:EC,.ec
222,El Salvador,El Salvador,El Salvador,The Republic of El Salvador,UN member state,SV,SLV,222,ISO 3166-2:SV,.sv
226,Equatorial Guinea,Equatorial Guinea,Equatorial Guinea,The Republic of Equatorial Guinea,UN member state,GQ,GNQ,226,ISO 3166-2:GQ,.gq
231,Ethiopia,Ethiopia,Ethiopia,The Federal Democratic Republic of Ethiopia,UN member state,ET,ETH,231,ISO 3166-2:ET,.et
232,Eritrea,Eritrea,Eritrea,The State of Eritrea,UN member state,ER,ERI,232,ISO 3166-2:ER,.er
233,Estonia,Estonia,Estonia,The Republic of Estonia,UN member state,EE,EST,233,ISO 3166-2:EE,.ee
234,Faroe Islands,Faroe Islands,Faroe Islands (the),The Faroe Islands,Denmark,FO,FRO,234,ISO 3166-2:FO,.fo
238,Falkland Islands,Falkland Islands / Malvinas,Falkland Islands (the),The Falkland Islands,United Kingdom,FK,FLK,238,ISO 3166-2:FK,.fk
238,Malvinas,Falkland Islands / Malvinas,Malvinas,The Falkland Islands,United Kingdom,FK,FLK,238,ISO 3166-2:FK,.fk
239,South Georgia and the South Sandwich Islands,South Georgia and the South Sandwich Islands,South Georgia and the South Sandwich Islands,South Georgia and the South Sandwich Islands,United Kingdom,GS,SGS,239,ISO 3166-2:GS,.gs
242,Fiji,Fiji,Fiji,The Republic of Fiji,UN member state,FJ,FJI,242,ISO 3166-2:FJ,.fj
246,Finland,Finland,Finland,The Republic of Finland,UN member state,FI,FIN,246,ISO 3166-2:FI,.fi
248,Aland Islands,Aland Islands,Åland Islands,Åland,Finland,AX,ALA,248,ISO 3166-2:AX,.ax
250,France,France,France,The French Republic,UN member state,FR,FRA,250,ISO 3166-2:FR,.fr
254,French Guiana,French Guiana,French Guiana,Guyane,France,GF,GUF,254,ISO 3166-2:GF,.gf
258,French Polynesia,French Polynesia,French Polynesia,French Polynesia,France,PF,PYF,258,ISO 3166-2:PF,.pf
260,French Southern Territories,French Southern Territories,French Southern Territories (the),The French Southern and Antarctic Lands,France,TF,ATF,260,ISO 3166-2:TF,.tf
262,Djibouti,Djibouti,Djibouti,The Republic of Djibouti,UN member state,DJ,DJI,262,ISO 3166-2:DJ,.dj
266,Gabon,Gabon,Gabon,The Gabonese Republic,UN member state,GA,GAB,266,ISO 3166-2:GA,.ga
268,Georgia,Georgia,Georgia,Georgia,UN member state,GE,GEO,268,ISO 3166-2:GE,.ge
270,Gambia,Gambia,Gambia (the),The Republic of The Gambia,UN member state,GM,GMB,270,ISO 3166-2:GM,.gm
275,State of Palestine,State of Palestine,"Palestine, State of",The State of Palestine,UN observer state,PS,PSE,275,ISO 3166-2:PS,.ps
276,Germany,Germany,Germany,The Federal Republic of Germany,UN member state,DE,DEU,276,ISO 3166-2:DE,.de
288,Ghana,Ghana,Ghana,The Republic of Ghana,UN member state,GH,GHA,288,ISO 3166-2:GH,.gh
292,Gibraltar,Gibraltar,Gibraltar,Gibraltar,United Kingdom,GI,GIB,292,ISO 3166-2:GI,.gi
296,Kiribati,Kiribati,Kiribati,The Republic of Kiribati,UN member state,KI,KIR,296,ISO 3166-2:KI,.ki
300,Greece,Greece,Greece,The Hellenic Republic,UN member state,GR,GRC,300,ISO 3166-2:GR,.gr
304,Greenland,Greenland,Greenland,Kalaallit Nunaat,Denmark,GL,GRL,304,ISO 3166-2:GL,.gl
308,Grenada,Grenada,Grenada,Grenada,UN member state,GD,GRD,308,ISO 3166-2:GD,.gd
312,Guadeloupe,Guadeloupe,Guadeloupe,Guadeloupe,France,GP,GLP,312,ISO 3166-2:GP,.gp
316,Guam,Guam,Guam,The Territory of Guam,United States,GU,GUM,316,ISO 3166-2:GU,.gu
320,Guatemala,Guatemala,Guatemala,The Republic of Guatemala,UN member state,GT,GTM,320,ISO 3166-2:GT,.gt
324,Guinea,Guinea,Guinea,The Republic of Guinea,UN member state,GN,GIN,324,ISO 3166-2:GN,.gn
328,Guyana,Guyana,Guyana,The Co-operative Republic of Guyana,UN member state,GY,GUY,328,ISO 3166-2:GY,.gy
332,Haiti,Haiti,Haiti,The Republic of Haiti,UN member state,HT,HTI,332,ISO 3166-2:HT,.ht
334,Heard Island and McDonald Islands,Heard Island and McDonald Islands,Heard Island and McDonald Islands,The Territory of Heard Island and McDonald Islands,Australia,HM,HMD,334,ISO 3166-2:HM,.hm
336,Holy See,Holy See / Vatican City,Holy See (the),The Holy See,UN observer state,VA,VAT,336,ISO 3166-2:VA,.va
336,Vatican City,Holy See / Vatican City,Vatican City,The Holy See,UN observer state,VA,VAT,336,ISO 3166-2:VA,.va
340,Honduras,Honduras,Honduras,The Republic of Honduras,UN member state,HN,HND,340,ISO 3166-2:HN,.hn
344,Hong Kong,Hong Kong,Hong Kong,The Hong Kong Special Administrative Region of China,China,HK,HKG,344,ISO 3166-2:HK,.hk
348,Hungary,Hungary,Hungary,Hungary,UN member state,HU,HUN,348,ISO 3166-2:HU,.hu
352,Iceland,Iceland,Iceland,Iceland,UN member state,IS,ISL,352,ISO 3166-2:IS,.is
356,India,India,India,The Republic of India,UN member state,IN,IND,356,ISO 3166-2:IN,.in
360,Indonesia,Indonesia,Indonesia,The Republic of Indonesia,UN member state,ID,IDN,360,ISO 3166-2:ID,.id
364,Islamic Republic of Iran,Islamic Republic of Iran,Iran (Islamic Republic of),The Islamic Republic of Iran,UN member state,IR,IRN,364,ISO 3166-2:IR,.ir
368,Iraq,Iraq,Iraq,The Republic of Iraq,UN member state,IQ,IRQ,368,ISO 3166-2:IQ,.iq
372,Ireland,Ireland,Ireland,Ireland,UN member state,IE,IRL,372,ISO 3166-2:IE,.ie
376,Israel,Israel,Israel,The State of Israel,UN member state,IL,ISR,376,ISO 3166-2:IL,.il
380,Italy,Italy,Italy,The Italian Republic,UN member state,IT,ITA,380,ISO 3166-2:IT,.it
384,Cote d'Ivoire,Cote d'Ivoire / Ivory Coast,Côte d'Ivoire,The Republic of Côte d'Ivoire,UN member state,CI,CIV,384,ISO 3166-2:CI,.ci
384,Ivory Coast,Cote d'Ivoire / Ivory Coast,Ivory Coast,The Republic of Côte d'Ivoire,UN member state,CI,CIV,384,ISO 3166-2:CI,.ci
388,Jamaica,Jamaica,Jamaica,Jamaica,UN member state,JM,JAM,388,ISO 3166-2:JM,.jm
392,Japan,Japan,Japan,Japan,UN member state,JP,JPN,392,ISO 3166-2:JP,.jp
398,Kazakhstan,Kazakhstan,Kazakhstan,The Republic of Kazakhstan,UN member state,KZ,KAZ,398,ISO 3166-2:KZ,.kz
400,Jordan,Jordan,Jordan,The Hashemite Kingdom of Jordan,UN member state,JO,JOR,400,ISO 3166-2:JO,.jo
404,Kenya,Kenya,Kenya,The Republic of Kenya,UN member state,KE,KEN,404,ISO 3166-2:KE,.ke
408,Democratic People's Republic of Korea,Democratic People's Republic of Korea / Democratic People's Republic of Korea / North Korea,Democratic People's Republic of Korea,The Democratic People's Republic of Korea,UN member state,KP,PRK,408,ISO 3166-2:KP,.kp
408,Democratic People's Republic of Korea,Democratic People's Republic of Korea / Democratic People's Republic of Korea / North Korea,Korea (the Democratic People's Republic of),The Democratic People's Republic of Korea,UN member state,KP,PRK,408,ISO 3166-2:KP,.kp
408,North Korea,Democratic People's Republic of Korea / Democratic People's Republic of Korea / North Korea,North Korea,The Democratic People's Republic of Korea,UN member state,KP,PRK,408,ISO 3166-2:KP,.kp
410,Republic of Korea,Republic of Korea / Republic of Korea / South Korea,Korea (the Republic of),The Republic of Korea,UN member state,KR,KOR,410,ISO 3166-2:KR,.kr
410,Republic of Korea,Republic of Korea / Republic of Korea / South Korea,Republic of Korea,The Republic of Korea,UN member state,KR,KOR,410,ISO 3166-2:KR,.kr
410,South Korea,Republic of Korea / Republic of Korea / South Korea,South Korea,The Republic of Korea,UN member state,KR,KOR,410,ISO 3166-2:KR,.kr
414,Kuwait,Kuwait,Kuwait,The State of Kuwait,UN member state,KW,KWT,414,ISO 3166-2:KW,.kw
417,Kyrgyzstan,Kyrgyzstan,Kyrgyzstan,The Kyrgyz Republic,UN member state,KG,KGZ,417,ISO 3166-2:KG,.kg
418,Lao People's Democratic Republic,Lao People's Democratic Republic,Lao People's Democratic Republic (the),The Lao People's Democratic Republic,UN member state,LA,LAO,418,ISO 3166-2:LA,.la
422,Lebanon,Lebanon,Lebanon,The Lebanese Republic,UN member state,LB,LBN,422,ISO 3166-2:LB,.lb
426,Lesotho,Lesotho,Lesotho,The Kingdom of Lesotho,UN member state,LS,LSO,426,ISO 3166-2:LS,.ls
428,Latvia,Latvia,Latvia,The Republic of Latvia,UN member state,LV,LVA,428,ISO 3166-2:LV,.lv
430,Liberia,Liberia,Liberia,The Republic of Liberia,UN member state,LR,LBR,430,ISO 3166-2:LR,.lr
434,Libya,Libya,Libya,The State of Libya,UN member state,LY,LBY,434,ISO 3166-2:LY,.ly
438,Liechtenstein,Liechtenstein,Liechtenstein,The Principality of Liechtenstein,UN member state,LI,LIE,438,ISO 3166-2:LI,.li
440,Lithuania,Lithuania,Lithuania,The Republic of Lithuania,UN member state,LT,LTU,440,ISO 3166-2:LT,.lt
442,Luxembourg,Luxembourg,Luxembourg,The Grand Duchy of Luxembourg,UN member state,LU,LUX,442,ISO 3166-2:LU,.lu
446,Macao,Macao,Macao,The Macao Special Administrative Region of China,China,MO,MAC,446,ISO 3166-2:MO,.mo
450,Madagascar,Madagascar,Madagascar,The Republic of Madagascar,UN member state,MG,MDG,450,ISO 3166-2:MG,.mg
454,Malawi,Malawi,Malawi,The Republic of Malawi,UN member state,MW,MWI,454,ISO 3166-2:MW,.mw
458,Malaysia,Malaysia,Malaysia,Malaysia,UN member state,MY,MYS,458,ISO 3166-2:MY,.my
462,Maldives,Maldives,Maldives,The Republic of Maldives,UN member state,MV,MDV,462,ISO 3166-2:MV,.mv
466,Mali,Mali,Mali,The Republic of Mali,UN member state,ML,MLI,466,ISO 3166-2:ML,.ml
470,Malta,Malta,Malta,The Republic of Malta,UN member state,MT,MLT,470,ISO 3166-2:MT,.mt
474,Martinique,Martinique,Martinique,Martinique,France,MQ,MTQ,474,ISO 3166-2:MQ,.mq
478,Mauritania,Mauritania,Mauritania,The Islamic Republic of Mauritania,UN member state,MR,MRT,478,ISO 3166-2:MR,.mr
480,Mauritius,Mauritius,Mauritius,The Republic of Mauritius,UN member state,MU,MUS,480,ISO 3166-2:MU,.mu
484,Mexico,Mexico,Mexico,The United Mexican States,UN member state,MX,MEX,484,ISO 3166-2:MX,.mx
492,Monaco,Monaco,Monaco,The Principality of Monaco,UN member state,MC,MCO,492,ISO 3166-2:MC,.mc
496,Mongolia,Mongolia,Mongolia,Mongolia,UN member state,MN,MNG,496,ISO 3166-2:MN,.mn
498,Republic of Moldova,Republic of Moldova,Moldova (the Republic of),The Republic of Moldova,UN member state,MD,MDA,498,ISO 3166-2:MD,.md
499,Montenegro,Montenegro,Montenegro,Montenegro,UN member state,ME,MNE,499,ISO 3166-2:ME,.me
500,Montserrat,Montserrat,Montserrat,Montserrat,United Kingdom,MS,MSR,500,ISO 3166-2:MS,.ms
504,Morocco,Morocco,Morocco,The Kingdom of Morocco,UN member state,MA,MAR,504,ISO 3166-2:MA,.ma
508,Mozambique,Mozambique,Mozambique,The Republic of Mozambique,UN member state,MZ,MOZ,508,ISO 3166-2:MZ,.mz
512,Oman,Oman,Oman,The Sultanate of Oman,UN member state,OM,OMN,512,ISO 3166-2:OM,.om
516,Namibia,Namibia,Namibia,The Republic of Namibia,UN member state,NA,NAM,516,ISO 3166-2:NA,.na
520,Nauru,Nauru,Nauru,The Republic of Nauru,UN member state,NR,NRU,520,ISO 3166-2:NR,.nr
524,Nepal,Nepal,Nepal,The Federal Democratic Republic of Nepal,UN member state,NP,NPL,524,ISO 3166-2:NP,.np
528,Kingdom of the Netherlands,Kingdom of the Netherlands,"Netherlands, Kingdom of the",The Kingdom of the Netherlands,UN member state,NL,NLD,528,ISO 3166-2:NL,.nl
531,Curacao,Curacao,Curaçao,The Country of Curaçao,Netherlands,CW,CUW,531,ISO 3166-2:CW,.cw
533,Aruba,Aruba,Aruba,Aruba,Netherlands,AW,ABW,533,ISO 3166-2:AW,.aw
534,Sint Maarten,Sint Maarten,Sint Maarten (Dutch part),Sint Maarten,Netherlands,SX,SXM,534,ISO 3166-2:SX,.sx
535,Bonaire,Bonaire / Caribbean Netherlands / Saba / Sint Eustatius,Bonaire,"Bonaire, Sint Eustatius and Saba",Netherlands,BQ,BES,535,ISO 3166-2:BQ,.bq.nl
535,Caribbean Netherlands,Bonaire / Caribbean Netherlands / Saba / Sint Eustatius,Caribbean Netherlands,"Bonaire, Sint Eustatius and Saba",Netherlands,BQ,BES,535,ISO 3166-2:BQ,.bq.nl
535,Saba,Bonaire / Caribbean Netherlands / Saba / Sint Eustatius,Saba,"Bonaire, Sint Eustatius and Saba",Netherlands,BQ,BES,535,ISO 3166-2:BQ,.bq.nl
535,Sint Eustatius,Bonaire / Caribbean Netherlands / Saba / Sint Eustatius,Sint Eustatius,"Bonaire, Sint Eustatius and Saba",Netherlands,BQ,BES,535,ISO 3166-2:BQ,.bq.nl
540,New Caledonia,New Caledonia,New Caledonia,New Caledonia,France,NC,NCL,540,ISO 3166-2:NC,.nc
548,Vanuatu,Vanuatu,Vanuatu,The Republic of Vanuatu,UN member state,VU,VUT,548,ISO 3166-2:VU,.vu
554,New Zealand,New Zealand,New Zealand,New Zealand,UN member state,NZ,NZL,554,ISO 3166-2:NZ,.nz
558,Nicaragua,Nicaragua,Nicaragua,The Republic of Nicaragua,UN member state,NI,NIC,558,ISO 3166-2:NI,.ni
562,Niger,Niger,Niger (the),The Republic of the Niger,UN member state,NE,NER,562,ISO 3166-2:NE,.ne
566,Nigeria,Nigeria,Nigeria,The Federal Republic of Nigeria,UN member state,NG,NGA,566,ISO 3166-2:NG,.ng
570,Niue,Niue,Niue,Niue,New Zealand,NU,NIU,570,ISO 3166-2:NU,.nu
574,Norfolk Island,Norfolk Island,Norfolk Island,The Territory of Norfolk Island,Australia,NF,NFK,574,ISO 3166-2:NF,.nf
578,Norway,Norway,Norway,The Kingdom of Norway,UN member state,NO,NOR,578,ISO 3166-2:NO,.no
580,Northern Mariana Islands,Northern Mariana Islands,Northern Mariana Islands (the),The Commonwealth of the Northern Mariana Islands,United States,MP,MNP,580,ISO 3166-2:MP,.mp
581,United States Minor Outlying Islands,United States Minor Outlying Islands,United States Minor Outlying Islands (the),"Baker Island, Howland Island, Jarvis Island, Johnston Atoll, Kingman Reef, 
Midway Atoll, Navassa Island, Palmyra Atoll, and Wake Island",United States,UM,UMI,581,ISO 3166-2:UM,n/a
583,Federated States of Micronesia,Federated States of Micronesia,Micronesia (Federated States of),The Federated States of Micronesia,UN member state,FM,FSM,583,ISO 3166-2:FM,.fm
584,Marshall Islands,Marshall Islands,Marshall Islands (the),The Republic of the Marshall Islands,UN member state,MH,MHL,584,ISO 3166-2:MH,.mh
585,Palau,Palau,Palau,The Republic of Palau,UN member state,PW,PLW,585,ISO 3166-2:PW,.pw
586,Pakistan,Pakistan,Pakistan,The Islamic Republic of Pakistan,UN member state,PK,PAK,586,ISO 3166-2:PK,.pk
591,Panama,Panama,Panama,The Republic of Panamá,UN member state,PA,PAN,591,ISO 3166-2:PA,.pa
598,Papua New Guinea,Papua New Guinea,Papua New Guinea,The Independent State of Papua New Guinea,UN member state,PG,PNG,598,ISO 3166-2:PG,.pg
600,Paraguay,Paraguay,Paraguay,The Republic of Paraguay,UN member state,PY,PRY,600,ISO 3166-2:PY,.py
604,Peru,Peru,Peru,The Republic of Perú,UN member state,PE,PER,604,ISO 3166-2:PE,.pe
608,Philippines,Philippines,Philippines (the),The Republic of the Philippines,UN member state,PH,PHL,608,ISO 3166-2:PH,.ph
612,Pitcairn,Pitcairn,Pitcairn,"The Pitcairn, Henderson, Ducie and Oeno Islands",United Kingdom,PN,PCN,612,ISO 3166-2:PN,.pn
616,Poland,Poland,Poland,The Republic of Poland,UN member state,PL,POL,616,ISO 3166-2:PL,.pl
620,Portugal,Portugal,Portugal,The Portuguese Republic,UN member state,PT,PRT,620,ISO 3166-2:PT,.pt
624,Guinea-Bissau,Guinea-Bissau,Guinea-Bissau,The Republic of Guinea-Bissau,UN member state,GW,GNB,624,ISO 3166-2:GW,.gw
626,East Timor,East Timor / Timor-Leste,East Timor,The Democratic Republic of Timor-Leste,UN member state,TL,TLS,626,ISO 3166-2:TL,.tl
626,Timor-Leste,East Timor / Timor-Leste,Timor-Leste,The Democratic Republic of Timor-Leste,UN member state,TL,TLS,626,ISO 3166-2:TL,.tl
630,Puerto Rico,Puerto Rico,Puerto Rico,The Commonwealth of Puerto Rico,United States,PR,PRI,630,ISO 3166-2:PR,.pr
634,Qatar,Qatar,Qatar,The State of Qatar,UN member state,QA,QAT,634,ISO 3166-2:QA,.qa
638,Reunion,Reunion,Réunion,Réunion,France,RE,REU,638,ISO 3166-2:RE,.re
642,Romania,Romania,Romania,Romania,UN member state,RO,ROU,642,ISO 3166-2:RO,.ro
643,Russian Federation,Russian Federation,Russian Federation (the),The Russian Federation,UN member state,RU,RUS,643,ISO 3166-2:RU,.ru
646,Rwanda,Rwanda,Rwanda,The Republic of Rwanda,UN member state,RW,RWA,646,ISO 3166-2:RW,.rw
652,Saint Barthelemy,Saint Barthelemy,Saint Barthélemy,The Collectivity of Saint-Barthélemy,France,BL,BLM,652,ISO 3166-2:BL,.bl
654,Saint Helena,Ascension Island / Saint Helena / Tristan da Cunha,Saint Helena,"Saint Helena, Ascension and Tristan da Cunha",United Kingdom,SH,SHN,654,ISO 3166-2:SH,.sh
654,Ascension Island,Ascension Island / Saint Helena / Tristan da Cunha,Ascension Island,"Saint Helena, Ascension and Tristan da Cunha",United Kingdom,SH,SHN,654,ISO 3166-2:SH,.sh
654,Tristan da Cunha,Ascension Island / Saint Helena / Tristan da Cunha,Tristan da Cunha,"Saint Helena, Ascension and Tristan da Cunha",United Kingdom,SH,SHN,654,ISO 3166-2:SH,.sh
659,Saint Kitts and Nevis,Saint Kitts and Nevis,Saint Kitts and Nevis,Saint Kitts and Nevis,UN member state,KN,KNA,659,ISO 3166-2:KN,.kn
660,Anguilla,Anguilla,Anguilla,Anguilla,United Kingdom,AI,AIA,660,ISO 3166-2:AI,.ai
662,Saint Lucia,Saint Lucia,Saint Lucia,Saint Lucia,UN member state,LC,LCA,662,ISO 3166-2:LC,.lc
663,Saint Martin,Saint Martin,Saint Martin (French part),The Collectivity of Saint-Martin,France,MF,MAF,663,ISO 3166-2:MF,.mf
666,Saint Pierre and Miquelon,Saint Pierre and Miquelon,Saint Pierre and Miquelon,The Overseas Collectivity of Saint-Pierre and Miquelon,France,PM,SPM,666,ISO 3166-2:PM,.pm
670,Saint Vincent and the Grenadines,Saint Vincent and the Grenadines,Saint Vincent and the Grenadines,Saint Vincent and the Grenadines,UN member state,VC,VCT,670,ISO 3166-2:VC,.vc
674,San Marino,San Marino,San Marino,The Republic of San Marino,UN member state,SM,SMR,674,ISO 3166-2:SM,.sm
678,Sao Tome and Principe,Sao Tome and Principe,Sao Tome and Principe,The Democratic Republic of São Tomé and Príncipe,UN member state,ST,STP,678,ISO 3166-2:ST,.st
682,Saudi Arabia,Saudi Arabia,Saudi Arabia,The Kingdom of Saudi Arabia,UN member state,SA,SAU,682,ISO 3166-2:SA,.sa
686,Senegal,Senegal,Senegal,The Republic of Senegal,UN member state,SN,SEN,686,ISO 3166-2:SN,.sn
688,Serbia,Serbia,Serbia,The Republic of Serbia,UN member state,RS,SRB,688,ISO 3166-2:RS,.rs
690,Seychelles,Seychelles,Seychelles,The Republic of Seychelles,UN member state,SC,SYC,690,ISO 3166-2:SC,.sc
694,Sierra Leone,Sierra Leone,Sierra Leone,The Republic of Sierra Leone,UN member state,SL,SLE,694,ISO 3166-2:SL,.sl
702,Singapore,Singapore,Singapore,The Republic of Singapore,UN member state,SG,SGP,702,ISO 3166-2:SG,.sg
703,Slovakia,Slovakia,Slovakia,The Slovak Republic,UN member state,SK,SVK,703,ISO 3166-2:SK,.sk
704,Viet Nam,Viet Nam,Viet Nam,The Socialist Republic of Viet Nam,UN member state,VN,VNM,704,ISO 3166-2:VN,.vn
705,Slovenia,Slovenia,Slovenia,The Republic of Slovenia,UN member state,SI,SVN,705,ISO 3166-2:SI,.si
706,Somalia,Somalia,Somalia,The Federal Republic of Somalia,UN member state,SO,SOM,706,ISO 3166-2:SO,.so
710,South Africa,South Africa,South Africa,The Republic of South Africa,UN member state,ZA,ZAF,710,ISO 3166-2:ZA,.za
716,Zimbabwe,Zimbabwe,Zimbabwe,The Republic of Zimbabwe,UN member state,ZW,ZWE,716,ISO 3166-2:ZW,.zw
724,Spain,Spain,Spain,The Kingdom of Spain,UN member state,ES,ESP,724,ISO 3166-2:ES,.es
728,South Sudan,South Sudan,South Sudan,The Republic of South Sudan,UN member state,SS,SSD,728,ISO 3166-2:SS,.ss
729,Sudan,Sudan,Sudan (the),The Republic of the Sudan,UN member state,SD,SDN,729,ISO 3166-2:SD,.sd
732,Sahrawi Arab Democratic Republic,Sahrawi Arab Democratic Republic / Western Sahara,Sahrawi Arab Democratic Republic,The Sahrawi Arab Democratic Republic,Disputed,EH,ESH,732,ISO 3166-2:EH,n/a
732,Western Sahara,Sahrawi Arab Democratic Republic / Western Sahara,Western Sahara,The Sahrawi Arab Democratic Republic,Disputed,EH,ESH,732,ISO 3166-2:EH,n/a
740,Suriname,Suriname,Suriname,The Republic of Suriname,UN member state,SR,SUR,740,ISO 3166-2:SR,.sr
744,Jan Mayen,Jan Mayen / Svalbard,Jan Mayen,Svalbard and Jan Mayen,Norway,SJ,SJM,744,ISO 3166-2:SJ,n/a
744,Svalbard,Jan Mayen / Svalbard,Svalbard,Svalbard and Jan Mayen,Norway,SJ,SJM,744,ISO 3166-2:SJ,n/a
748,Eswatini,Eswatini,Eswatini,The Kingdom of Eswatini,UN member state,SZ,SWZ,748,ISO 3166-2:SZ,.sz
752,Sweden,Sweden,Sweden,The Kingdom of Sweden,UN member state,SE,SWE,752,ISO 3166-2:SE,.se
756,Switzerland,Switzerland,Switzerland,The Swiss Confederation,UN member state,CH,CHE,756,ISO 3166-2:CH,.ch
760,Syrian Arab Republic,Syrian Arab Republic,Syrian Arab Republic (the),The Syrian Arab Republic,UN member state,SY,SYR,760,ISO 3166-2:SY,.sy
762,Tajikistan,Tajikistan,Tajikistan,The Republic of Tajikistan,UN member state,TJ,TJK,762,ISO 3166-2:TJ,.tj
764,Thailand,Thailand,Thailand,The Kingdom of Thailand,UN member state,TH,THA,764,ISO 3166-2:TH,.th
768,Togo,Togo,Togo,The Togolese Republic,UN member state,TG,TGO,768,ISO 3166-2:TG,.tg
772,Tokelau,Tokelau,Tokelau,Tokelau,New Zealand,TK,TKL,772,ISO 3166-2:TK,.tk
776,Tonga,Tonga,Tonga,The Kingdom of Tonga,UN member state,TO,TON,776,ISO 3166-2:TO,.to
780,Trinidad and Tobago,Trinidad and Tobago,Trinidad and Tobago,The Republic of Trinidad and Tobago,UN member state,TT,TTO,780,ISO 3166-2:TT,.tt
784,United Arab Emirates,United Arab Emirates,United Arab Emirates (the),The United Arab Emirates,UN member state,AE,ARE,784,ISO 3166-2:AE,.ae
788,Tunisia,Tunisia,Tunisia,The Republic of Tunisia,UN member state,TN,TUN,788,ISO 3166-2:TN,.tn
792,Turkiye,Turkiye,Türkiye,The Republic of Türkiye,UN member state,TR,TUR,792,ISO 3166-2:TR,.tr
795,Turkmenistan,Turkmenistan,Turkmenistan,Turkmenistan,UN member state,TM,TKM,795,ISO 3166-2:TM,.tm
796,Turks and Caicos Islands,Turks and Caicos Islands,Turks and Caicos Islands (the),The Turks and Caicos Islands,United Kingdom,TC,TCA,796,ISO 3166-2:TC,.tc
798,Tuvalu,Tuvalu,Tuvalu,Tuvalu,UN member state,TV,TUV,798,ISO 3166-2:TV,.tv
800,Uganda,Uganda,Uganda,The Republic of Uganda,UN member state,UG,UGA,800,ISO 3166-2:UG,.ug
804,Ukraine,Ukraine,Ukraine,Ukraine,UN member state,UA,UKR,804,ISO 3166-2:UA,.ua
807,North Macedonia,North Macedonia,North Macedonia,The Republic of North Macedonia,UN member state,MK,MKD,807,ISO 3166-2:MK,.mk
818,Egypt,Egypt,Egypt,The Arab Republic of Egypt,UN member state,EG,EGY,818,ISO 3166-2:EG,.eg
826,Great Britain,Great Britain / United Kingdom of Great Britain and Northern Ireland,Great Britain,The United Kingdom of Great Britain and Northern Ireland,UN member state,GB,GBR,826,ISO 3166-2:GB,.gb.uk
826,United Kingdom of Great Britain and Northern Ireland,Great Britain / United Kingdom of Great Britain and Northern Ireland,United Kingdom of Great Britain and Northern Ireland (the),The United Kingdom of Great Britain and Northern Ireland,UN member state,GB,GBR,826,ISO 3166-2:GB,.gb.uk
831,Guernsey,Guernsey,Guernsey,The Bailiwick of Guernsey,British Crown,GG,GGY,831,ISO 3166-2:GG,.gg
832,Jersey,Jersey,Jersey,The Bailiwick of Jersey,British Crown,JE,JEY,832,ISO 3166-2:JE,.je
833,Isle of Man,Isle of Man,Isle of Man,The Isle of Man,British Crown,IM,IMN,833,ISO 3166-2:IM,.im
834,United Republic of Tanzania,United Republic of Tanzania,"Tanzania, the United Republic of",The United Republic of Tanzania,UN member state,TZ,TZA,834,ISO 3166-2:TZ,.tz
840,United States of America,United States of America,United States of America (the),The United States of America,UN member state,US,USA,840,ISO 3166-2:US,.us
850,United States Virgin Islands,U.S. Virgin Island / United States Virgin Islands,United States Virgin Islands,The Virgin Islands of the United States,United States,VI,VIR,850,ISO 3166-2:VI,.vi
850,U.S. Virgin Island,U.S. Virgin Island / United States Virgin Islands,Virgin Islands (U.S.),The Virgin Islands of the United States,United States,VI,VIR,850,ISO 3166-2:VI,.vi
854,Burkina Faso,Burkina Faso,Burkina Faso,Burkina Faso,UN member state,BF,BFA,854,ISO 3166-2:BF,.bf
858,Uruguay,Uruguay,Uruguay,The Oriental Republic of Uruguay,UN member state,UY,URY,858,ISO 3166-2:UY,.uy
860,Uzbekistan,Uzbekistan,Uzbekistan,The Republic of Uzbekistan,UN member state,UZ,UZB,860,ISO 3166-2:UZ,.uz
862,Bolivarian Republic of Venezuela,Bolivarian Republic of Venezuela,Venezuela (Bolivarian Republic of),The Bolivarian Republic of Venezuela,UN member state,VE,VEN,862,ISO 3166-2:VE,.ve
876,Wallis and Futuna,Wallis and Futuna,Wallis and Futuna,The Territory of the Wallis and Futuna Islands,France,WF,WLF,876,ISO 3166-2:WF,.wf
882,Samoa,Samoa,Samoa,The Independent State of Samoa,UN member state,WS,WSM,882,ISO 3166-2:WS,.ws
887,Yemen,Yemen,Yemen,The Republic of Yemen,UN member state,YE,YEM,887,ISO 3166-2:YE,.ye
894,Zambia,Zambia,Zambia,The Republic of Zambia,UN member state,ZM,ZMB,894,ISO 3166-2:ZM,.zm